Longitude,Latitude
26.297085,60.467923
21.1908148,63.2572362
24.181466,65.843781
23.523316,60.812572
24.183674185,61.267331317
22.965634066,61.803689063
22.25687,63.11737
22.08904675,60.49415538
21.54281,62.94484
24.888698,60.620304
22.06866,63.05976
23.283799332,61.359037977
27.381817371,67.076576651
21.537905,61.132156
23.276664301,61.451202814
25.95017,62.42697
27.71873238,66.56728389
21.737738,61.183784
24.291385045,61.483172475
24.210867224,61.358021625
23.254006519,61.485618924
26.01022,62.48179
27.504887303,66.96308828
25.779526,66.509096
25.080671,60.210742
25.96673,62.32041
27.040744,65.75004
27.2670696,61.1653496
25.284297,62.697799
21.24249,62.76157
23.6375553,61.3208791
25.8058027,66.62527097
26.5902,65.722628
25.593473,66.462113
25.718745839,62.232378297
27.68707,61.685974
25.9478,62.40435
25.597056,61.155423
25.6112468,62.0878579
25.374656,66.612035
21.841162,61.100983
25.670919691,61.992942524
23.361276483,62.11104011
24.320883,62.8451949
24.67599,62.022867
25.915434,67.297255
25.81581351,62.228649558
25.537618455,62.025218976
28.036273088,66.559303475
23.88123833,62.70167257
23.764639874,61.861780797
25.35387018,66.63620288
27.244758,61.514927
28.26739352,61.05477704
23.685418,63.001554
26.184537,67.634542
24.93681158,67.19054702
22.294779,61.059698
23.75945399,62.751365
21.57385,62.94202
27.567229,61.329628
23.297209,62.644074
21.478143,60.801017
23.399823919,61.977922343
21.582599,61.152968
21.550485,61.037852
25.392773,62.608582
25.349439,62.696573
27.4727,61.478759
26.3699,62.381
23.9045008,61.8563629
22.81820301,62.47848064
21.509458,61.133003
21.503275,61.070513
27.107688,61.475593
27.506909,61.733877
25.26829,66.986703
26.533399,65.923635
24.59363608,61.620456148
22.207028,61.183458
24.801150791,61.305254663
26.207746,65.998619
29.45402047,67.761625718
27.777206,61.21444
24.445254,64.297222
27.207706,62.019144
27.46134,68.346518
23.4362,63.3324
23.43061,61.04527
27.280292,61.666501
21.32016493,60.15153621
23.956708,62.835917
26.76232,60.76614
26.92674797,60.47142665
25.715375902,62.207720045
23.307576809,68.512958791
24.774714,66.072623
24.478389,61.395247
28.775775157,66.7538443
24.39584529,61.398725947
25.85154,60.67079
24.19864205,61.420793193
21.6868556,61.0273362
27.254044,61.643434
25.364918,66.647263
23.038076,60.849595
24.602095912,61.376895472
24.215929296,61.416981577
23.93291728,62.6744821
23.367065813,61.272286155
24.300704141,61.417217457
27.605816,61.329341
24.075454,63.092831
23.271985494,61.336536873
23.938061,62.976368
25.6518095,66.50191545
23.917222807,61.518164607
26.039026,67.338637
22.783702,62.496103
23.255992164,61.418786841
23.358366251,61.469683053
22.601216,60.217554
21.34571965,60.20974861
22.153416,60.969109
21.367249,59.783965
24.127148157,62.063699788
24.509017,62.14447
25.16683,61.592998
28.712796039,67.658886353
27.850892,61.590585
22.2448,60.40234
25.64648,62.38811
24.091125967,61.94383356
24.565386382,61.703539688
23.516260467,61.964262934
24.038137484,61.820147865
25.639498,67.776513
23.95243,60.86803
21.577406,60.298169
25.808790561,62.222620715
23.923491,62.124278
24.301661727,61.674686428
23.676223494,61.880781461
22.2094514,60.4663725
24.797947,67.804822
23.84448,60.87837
23.552228929,61.704720296
23.816321432,62.333254012
27.54975,61.430633
26.567846838,67.402040986
22.3894,60.35572
24.192581,65.846661
22.01213,60.45409
23.984361,66.782094
23.072013,60.848745
22.678506,61.033947
28.363013,61.650228
25.232399,62.706469
27.734299,62.979097
23.631383,62.641886
23.0407,60.86819
25.799568,62.289782
23.470516,62.592674
23.146391,62.134146
29.8622914,62.7241032
27.189537,69.095919
25.91509,62.41991
22.60443,60.89031
25.775266426,62.20669857
23.63239,60.80153
25.720134253,62.223199313
23.1864,63.5224
23.64859,60.81676
23.802135651,67.93642947
24.034962,62.985965
21.19769327,60.32602472
24.005051062,60.042102045
27.307623,61.340481
23.856972,63.027674
25.046843,63.690926
21.59987393,60.11151143
23.48794,60.79284
25.7963704,66.5974731
27.777597,61.540448
22.2841506,62.5668654
23.48587263,62.50629516
28.048139,61.405737
27.133677,65.980742
24.480586,62.680698
23.802387058,61.489774642
25.97203,62.49893
24.11499,63.185889
27.394748,61.284803
23.66322,63.558414
29.863211,62.723604
23.76596,63.24725
24.5345079,63.1372868
27.014676,61.521076
23.092897,61.010078
22.2544092,61.108318
26.629986,67.365172
27.720359,67.821637
28.778201679,66.900730329
23.920306,67.91018
21.15717723,60.34115947
27.043736,61.841656
27.1959371,61.6941
27.309896,61.691218
22.88448336,60.58669079
25.90533,62.37378
22.40053886,60.48516455
21.58453,59.82683
22.71965,60.861335
22.15667,60.467
28.624771285,66.826260942
29.510655,62.618856
22.048788,60.071521
24.136385507,61.555849766
23.83879,60.76926
21.93864,60.30004
22.42461,60.64829
24.278926329,61.836030953
23.681870451,67.816813257
25.94088,62.45997
25.809626305,62.27654457
24.48393,63.57602
24.0670538,62.891593
24.335639,62.570269
25.72016,62.17884
23.6872,61.15064
24.099475436,61.896840538
24.345684016,61.510432428
24.498230277,61.526052412
23.410455,59.901923
24.298104143,61.333237492
27.658312,61.577494
23.531743855,61.607978267
24.339676643,61.496061368
23.53478,67.68024
22.76232,61.218676
23.103020621,62.101975348
23.871231,61.457207
23.77919,61.20428
29.77163,62.595869
22.90386,61.35162
23.586929556,61.643518732
23.51366,61.51669
27.246953,61.675586
25.35646,66.707301
23.62912,60.7664
24.672340595,61.516247246
24.406681253,61.331686607
24.428877693,61.477674762
24.061577422,61.549630212
24.185841,62.844823
23.18564,61.15039
27.151203,61.750605
22.953,61.27178
28.595698182,66.546575004
23.93957,60.69362
23.755554848,61.30983571
25.666002,62.13887
24.669148092,61.798700562
25.76881,68.16172
22.865095,60.946555
23.150310032,61.95911249
23.616555,62.600358
22.978177553,62.170440235
26.566602,67.420706
23.520409068,61.73071431
24.67123328,61.384687075
24.136389198,61.608614199
24.211467608,61.613179624
27.381706,61.553639
24.637514,62.033895
23.93143,61.55555
23.716711923,61.260996625
24.44198022,61.514167559
23.81142,61.43761
23.81175,63.001793
24.060123,62.7324358
22.114041,61.156043
23.670741,61.59532
23.807497903,61.299239364
27.212362,61.394099
23.577334328,62.015724894
24.463464843,61.706717656
27.632546,61.599008
24.339935,62.999339
27.0155,61.363274
29.761662,62.628324
23.79501,61.50859
23.19478633,63.84609706
27.076482,60.650572
26.721957536,67.662027759
24.164505961,61.555826316
23.16792,61.41431
23.671831587,61.611032369
24.58457,61.980706
23.565311937,61.665037759
24.476776407,61.886640992
24.056176746,61.367118802
27.309751,61.551356
23.86908783,61.621699082
24.025571466,61.651591417
23.09141,61.12138
24.038746614,62.271894403
23.58522,60.8194
24.296949077,61.748246835
23.613654786,61.893930561
23.281918,60.804591
23.87231,60.7897
24.48215464,61.89099059
23.62782,60.92883
28.360216215,66.503956061
24.887169325,61.378644217
23.627673,67.499143
24.298833938,61.786901682
23.604654022,61.798185935
24.604920876,61.348417572
23.478267718,61.310007982
24.130933,62.153757
24.194848431,62.006593778
27.35832,60.511396
23.827398078,61.675943575
26.97957,60.4676386
23.566758856,61.247767892
24.564406044,61.845168388
24.116979749,61.945050747
23.847268,61.501516
23.90915,61.48472
26.62125,63.64299
23.541914304,61.417496824
23.78334,61.48716
26.749477,60.477102
29.103975,69.665537
22.92501699,62.80155672
23.64139302,61.420820821
23.850095,63.070299
24.094615722,61.53470827
26.117055,66.277688
23.84604,63.174833
26.235054,68.758364
25.75308,62.2091
27.22726,63.59601
24.268616901,61.538182187
23.624849588,61.465928353
24.826042522,61.422539771
24.707426349,68.00451407
23.992639,61.496686
27.43034,61.563587
23.561275974,61.441948592
23.545170543,61.950979097
23.887324623,61.616844011
24.539037,63.266889
23.785816966,61.41518075
23.959599009,61.637159448
23.805313,63.123757
27.368016,61.509801
27.264289,61.505215
23.565590647,61.32828964
23.334909763,61.514605086
23.100724624,61.53220627
23.580283392,62.166989295
22.380338,62.615878
24.124721,62.555161
28.674659603,66.83418557
24.20412232,61.508177383
24.621416421,61.351845206
27.206558,61.996434
24.182113554,61.419679619
27.071123,61.671224
22.841322772,61.500192494
22.739253,61.48639149
24.734002,62.248777
23.837940911,61.749763431
24.702018,62.039703
27.628795662,67.468079952
28.313395,68.846493
23.115449,62.150129
24.297785986,62.059435996
24.911542,60.349672
23.696350334,61.749203066
31.2956342,62.6491689
24.455815,61.961653
23.37364112,61.312506592
23.74009,61.4978
23.817021616,61.259002129
24.207806262507432,63.40746474586682
30.940284,62.551942
22.913012728,62.025334139
23.334693,61.806124
23.133295721,61.691615128
22.861990866,61.548674603
23.857275358,61.370714963
23.61863983,61.388909083
23.396993793,61.251587606
23.309304982,61.337471533
24.617483351,61.327284281
24.597721454,62.124794358
23.936091,62.803492
23.393048,61.288233
25.7826883,66.5169512
24.025636484,61.960932784
23.442500934,62.046733269
24.216139396,61.342375169
25.970641904,62.242814481
24.463989,61.794771
25.704551664,62.186126216
24.137221421,61.477636147
27.192535,61.51561
26.00246,62.32729
25.68361,62.138163
25.81201,62.23324
24.147467871,61.578391697
26.931799,61.81413
24.437048,62.051939
23.79936,61.16439
25.866017322690073,64.28774774516341
24.835925,61.506229
23.854634257,62.386862706
24.79137059,61.543461758
23.403720124,62.085993357
23.846914866,61.673790296
24.664845843,61.373032084
24.693642448,61.592325473
24.251065609,61.66814831
23.851817414,61.812256554
23.597722117,61.723643033
22.58577,60.27577
23.394924317,61.708523208
24.605347247,62.047071414
23.6509096,62.4455463
25.170608,62.263186
24.0324453,62.2657608
24.514343,67.442273
27.453648348,66.788964629
23.073199,63.83573
24.690937,63.010868
23.60195891,61.352491846
23.4606,60.67727
23.89594671,62.54407226
24.210862749622674,62.89194136882704
24.090378,61.979511
23.748343,62.979292
23.974936,61.541269
25.078079,67.080551
22.88215192,61.860672942
23.42171415,61.344178176
25.98195819,66.72695967
23.20773,61.09896
25.720012936,62.269637116
23.626027,63.264642
23.35272784,62.5740747
25.695081,62.139521
26.591861,67.412232
23.61325,60.81469
29.162123067,67.133841049
23.277025,61.77498
24.755155,63.477385
25.761854076,62.275265941
24.182861,61.407252
25.720120774,62.24207159
27.388374,61.703014
23.11866,61.23258
22.91001,60.216018
25.753496632,62.261043873
24.868668118,61.334816259
26.38662,60.88306
26.45589,68.754
21.90107,60.72578
24.63566174,61.494029235
24.502677,62.117147
23.51227,60.95954
28.973547868,66.650945411
24.087749297,61.770986029
23.815504426,62.204221737
25.718467,61.891785
27.275327,61.585678
22.86254,60.18633
27.705159,61.639479
22.3660858,60.4192909
22.08926,60.84363
22.7162,60.65348
25.825199,67.266148
21.636608,60.2836
23.82947,61.13491
22.5105828,61.0643886
21.95755,61.122351
26.924428229,66.562269367
22.9810302,62.78754564
23.612804585,61.462871675
26.893313915,65.816324298
25.780024777,62.253079228
25.74182,62.1412
25.237026,66.854414
22.856783,61.04634
23.58573,60.79055
24.200015,63.4689
25.755262479,62.247221822
26.119437,61.754941
24.054887,62.545072
26.498226,65.930389
23.62882718,62.80365669
23.103411,62.485793
22.60294508,62.96303335
22.39257837,62.62633388
26.05247,62.52706
26.720555,67.839777
22.33964,60.1815
22.7246,61.37021
23.05349,61.1555
24.823212115,67.809977108
23.32565,68.5608
24.0627257,63.0328408
23.79027,63.00522
23.983004,63.22169
24.1227975,63.0335636
27.522898,61.322833
27.29815,61.517845
23.949487,62.821439
23.875728506,61.383224456
25.659111,62.127756
27.354369,61.2529
27.316506202,61.4399037005
28.768832291,67.713886446
23.599251518,61.393724897
25.79541,62.22135
27.185451,60.689629
24.504964468,61.617434363
24.82848,68.23135
25.480289084,62.364505671
27.538362,61.75199
26.239835,68.760277
26.74975,60.85943
22.3952,60.3934
21.39513588,60.43915335
26.921085,60.42298
26.1696577,62.2047103
24.685927598,61.366380983
26.896334,66.059115
26.24516,62.28887
25.759751235,62.128920071
25.806229409,62.244843144
24.113448,62.958222
24.2967058,63.037563
25.67758,67.56131833
24.494748,60.935415
26.616479,67.41061
24.83286833,68.11778833
22.65092,61.4207
25.838385,65.917296
23.34842,60.92283
27.423493563,67.493612057
28.614362778,67.60937248
26.730989,65.900462
26.6680836,60.8700121
27.56677826,67.02032213
22.92102328,62.84665429
27.138827,66.033686
26.343927,66.094695
21.7616501,63.0253785
23.618305,60.816993
27.028127,66.095399
22.67131,61.3444
23.012021,60.962926
23.4905,60.87704
28.386519037,67.473116141
27.301374699,66.380952405
27.334366,68.335452
26.616304,67.084571
23.77947,67.93756
24.886376806,67.353648784
24.15650351,62.51304886
25.790395,66.642771
23.05693,60.641475
23.45923,61.13306
25.49335693,66.43304591
23.418699,60.786203
25.94439,62.40884
23.29147,61.10061
22.57165,61.44446
22.991848,60.807843
25.12323534,66.38371102
24.12483,68.154344
25.671688036,62.216006132
28.136539822,66.767618871
26.681135,66.625904
24.038129,62.527383
28.377645944,67.244670811
22.8798,61.23442
25.81098781,66.23613935
25.6771023,66.5322885
25.641467,66.483214
24.3747069,66.8406684
25.680864,62.439941
24.829177,63.666408
27.211396,61.668003
22.352125,60.458255
22.57162,61.44448
22.80848,61.39236
22.90918,61.3575
22.648187,61.238211
23.77056,60.81089
23.71606,60.82992
26.576766,67.427718
24.936218,63.924397
23.91125506,62.60497086
26.267449,60.633357
27.066784,61.541264
22.996193,60.164721
22.70967586,62.96114431
26.97912736,60.57412891
23.471614,63.012866
27.059164,61.714707
27.382779,66.733783
22.45250571,60.82315007
24.535772,63.179882
24.506997,63.181314
27.26747,61.675681
22.24460564,62.60105198
26.94626646,60.53499058
26.867881,66.222531
25.0499,60.23583
22.87011939,62.76972612
23.808442,63.160814
22.63162,60.07757
22.97453766,62.46249022
22.60412474,63.05240336
23.196323,62.220546
26.40357,60.93826
30.095844,62.097678
24.09412547,62.48774559
23.789414,67.937371
22.57724,60.67343
23.800858,67.932498
22.13415,60.47559
22.5865,60.5423
22.10796,60.47497
25.100126,67.040323
21.36848648,60.2229287
26.85595,61.495632
26.657801,60.896384
22.40223,60.28606
24.126037,67.706618
22.21294833,60.44400333
27.296940552,67.248120845
24.924875273,67.477412947
24.82318,67.21935
22.28267,60.27841
26.24204,66.16333
22.24304,60.24818
25.105734087544512,60.370791584995054
26.925206,67.148813
22.27653,60.37193
22.09774098,60.49381915
24.345561,67.525866
24.583969,64.094408
24.268241,63.783813
24.365772621,61.692626697
24.219842801,61.444592575
26.80316,63.20455
22.01763,60.46914
26.68514667,67.30275
27.260573442,67.00385707
24.4534441,64.6669918
23.445009,60.374479
23.172451,61.661213
22.29046,60.53293
27.585005,61.649319
23.77924,60.58109
27.25837667,67.024778
27.21044333,67.04681833
23.759072,62.659404
23.070774,62.260623
26.71393,61.49969
26.84495,60.8636
22.505495,61.331882
27.560698,61.201838
24.6051001,63.0344118
24.1176211,62.6807443
23.470058,60.245946
23.61449505,63.43438925
21.499321,60.040782
29.003798,61.4470469
22.78494,61.3122
26.104503,65.95901
28.972514,61.854418
23.948693,64.280953
25.439122,66.701019
22.36582,59.95384
23.308654,62.624654
29.085832,61.419064
27.450671,61.330904
24.867666,67.8754112
22.72461201,62.49520436
26.461945,61.059469
27.059334,64.129586
23.3796,63.9281
23.677168,64.056959
26.9493767,65.5453959
27.248142,61.681122
27.286772,61.90905
27.169228,61.871102
26.4891082,65.503275
26.45273,60.79034
27.710322,65.634671
24.665,60.219
29.574251,61.626552
23.0152638,62.55500927
25.1731431,61.8966708
23.134053,60.405427
25.143235,61.561125
24.56662,61.949018
24.875461,62.884471
22.77176333,60.65625833
25.264263,62.806116
24.964081,61.541116
25.293086,61.648449
24.848253,61.841611
25.374754,61.5977566
25.330787,63.025427
27.450916,61.714478
27.442818958,67.192970836
24.4614692,60.7215232
27.648805,61.577402
23.079184,60.146986
28.849859,61.285097
23.328295,60.475479
27.157844,60.586126
25.046679,61.99741
25.296155,61.879255
24.6411,61.99027
27.328027,61.119782
27.12349,61.18288
28.818737,61.293029
25.536668,65.056964
26.863137,60.746846
22.89072303,62.79859893
28.962708,61.260453
24.06177,61.265231
28.539169,60.9591835
22.64237,60.75868
24.805094482728958,60.175579244288805
24.918394389,67.647385315
28.501754,61.313152
23.6446231,63.6265728
24.24309281,62.60450477
24.00828222,62.70168377
28.342844,61.325628
22.3136,63.3881
25.002077,60.790626
29.333142,61.561105
27.4965457,65.4829543
24.80168,60.66255
29.5155,61.55783
28.14846849,62.91274635
25.05887,60.318661
27.85757,60.979441
29.043101647,61.235552019
23.75357626,63.48468533
26.92222,60.48458
23.51400021,63.91937173
27.714304699,65.1568585
22.3628,63.3688
23.0791,63.912
23.59053012,63.58360642
27.680121,61.200857
28.191571,62.385746
22.25105,61.9888
24.991605,60.273347
26.244504,60.582178
22.5118,63.5738
25.165513,61.864788
23.3606019,63.57249598
25.074449,65.65463
25.144272,61.903217
22.2636,63.4773
27.450145,61.233913
28.5058505,61.4468794
23.61053457,64.02237404
22.6807,63.6861
25.285576,61.88944
24.952918706,67.648361245
26.85482,67.342425
24.385564884,61.341432293
23.12221022,63.85038738
28.223083,61.151736
22.899717596,62.171735612
27.120236,65.401961
25.197144,61.562147
24.881192,61.597066
24.10788098,62.55090137
24.186420787,61.56985683
27.629049,62.884471
22.927673148,62.057986046
28.695307,61.176304
24.748989,61.763262
22.7224,63.7363
24.370212148,61.55899779
23.20968,61.632354
26.581725,67.417733
25.821915,62.93848
23.742416008,61.284358649
24.583111312,61.303589495
28.03928997,62.75962036
22.706981,61.821109
29.8336737,61.9115556
23.822426,61.490552
24.738259,65.006602
28.948224,62.71995
25.384212,61.585839
27.773815501,62.494055206
23.022937108,61.555423187
27.2972968,63.155962
24.723165,61.878544
25.087258,61.802454
25.107987,61.861012
25.293982,61.881067
24.711202,61.92736
23.768546326,61.286537676
25.307676,61.878228
25.7777121,62.2615586
23.282488959,61.436120785
24.696059138,61.477745747
27.522801,61.594369
24.15541,68.11356
21.73150701,60.86198625
27.93786984,62.29996608
25.245906,62.115601
25.365242,61.613826
29.995658,63.350893
27.781658,60.931047
28.8513098,64.8941399
28.1359714,61.051045
25.115536,60.223183
25.138017,61.714916
23.688300794,61.879424864
25.081197,61.471261
24.742514,60.226165
24.595803,61.927275
26.68445,60.86773
27.1840545,63.5649181
25.075634,61.846777
28.0724782,61.0517853
30.0395104,61.8139674
27.803116,60.959689
27.868195,61.897578
25.050976,60.236778
28.77115,61.46118
24.996933,62.045115
25.161824,61.872106
28.075358,61.15288
25.6258172,60.9355151
26.922167,60.507413
25.028034,60.227438
28.097867,61.0652358
25.418373,61.783873
24.569086481,62.044889137
27.702496,61.269744
29.480352,61.540226
24.027819,60.224797
23.44167184,63.5525339
22.55223108,62.91588448
27.628706,61.192594
24.974713,60.277664
27.4886085,61.1244499
25.255621,61.815385
28.78571785492498,61.266709159080676
29.062185,65.929779
27.445213,60.917045
28.85366,61.295472
29.429412,61.604539
26.168747,60.613954
27.253946,61.680242
28.2993855,60.8661738
27.321346,61.022822
22.29778414,63.41393173
28.232040963,64.174000546
22.34505054,63.41577386
25.152254,61.570874
27.151753242327953,60.576494889323165
23.53712361,64.00505883
25.151718,61.479233
24.70293,60.164743
27.749024,61.187672
24.952708,61.589642
23.04973947,63.37673498
23.76084598,63.49385667
22.87331051,63.57153654
22.76237216,63.6693252
24.417157,61.006345
23.1133,63.4708
25.465053,61.823992
25.92587,62.34713
23.8621,63.35301
25.5268889,64.9141734
28.2424862,61.0530351
25.280397,61.877368
22.89460611,63.34328999
27.9565867,62.1065725
25.313498,61.597819
22.9829,63.8155
23.376203,63.681424
29.745913,61.723456
27.99866667,65.03983333
22.459209,60.460804
29.165257943,64.193599843
24.961908,60.183143
28.32959486,64.110441025
24.888959,60.23775
22.24092,60.50404
27.14399772,64.40149531
27.171717448,64.553253985
27.678208,64.21575
25.98479,60.931527
29.671304214,64.670801093
21.74375,62.476005
28.584021636,64.935649605
28.784362232,64.917763433
22.029347,62.466646
21.881204,62.157626
28.21126,61.042799
23.13789751,63.83978285
24.83441,60.25141
24.1415057,65.8430199
28.512842545,64.661204432
22.7735941,63.33151293
24.635991,60.160445
24.900132,60.202804
22.5158,63.6043
23.3962,63.4077
21.859875,62.380662
26.7715529,61.6528014
28.051863171,64.344092408
28.807841476,64.09165893
27.631731304,64.156787963
23.046098,60.855686
29.779208,62.61848
23.67,61.5185
27.6798372,64.095948205
22.324948,60.435902
23.54326179,63.35098785
21.374245,62.269181
29.94465995,64.53738449
26.763627822,64.350578542
28.684011651,64.068899586
23.519,63.3662
23.52484099,63.54099909
25.686636,61.504437
29.468376,62.567711
22.8814,63.8777
23.16987776,63.87029467
22.8669,63.6839
28.81943881,64.578683854
27.67163901,62.9171206
22.98511969,63.71083379
28.479009,61.359407
23.14688036,63.84539885
25.218301,60.473423
23.42365326,63.85936374
29.168208,61.453932
23.1676925,63.82075685
23.3971,63.9849
28.6495923,61.2729349
22.2609,63.422
23.77387555,63.38604533
22.85604114,63.24316525
23.793315567,61.403026342
28.7811282,61.291461
22.9016,63.7142
23.948255,63.563206
27.628298,61.191871
29.535391,61.534612
29.536109948,63.908964976
23.15992014,63.84609816
28.408711628,64.482750838
23.174,63.408
29.2005092,61.2951413
23.10775501,63.80775816
21.236272,62.388659
22.7407,63.6917
23.4911,63.4355
29.130378,61.263734
22.057765,62.427574
22.7618,63.7144
23.1572,63.8812
23.31487235,63.71069879
23.3593,63.9152
24.04188775,61.25543807
29.158975635,63.90092273
22.7653,63.6829
29.202819,62.183731
29.527265227,64.115923381
23.14001834,63.84687738
24.819348,60.258592
23.49315643,63.84721071
22.7766,63.8346
25.02943,60.24263
21.989779,62.707182
22.588364,61.599109
23.3858,64.0009
23.06495668,63.83645664
23.377,63.4247
24.97297,60.22509
23.04696097,63.35389775
23.276566,61.774947
22.356963,60.435606
22.22403946,60.49831967
25.87791,60.950297
24.000068,60.178601
26.409845,62.930372
22.19279,60.47095
29.08993287,64.32040913
23.5539,63.3957
28.46127726,63.872008344
23.5906939,63.89522616
25.5079969,64.9065213
23.03309118,63.37577923
28.548218042,64.061847375
23.436821,63.934242
26.54667507,64.44331171
27.875528299,64.425887683
23.0988,63.8631
29.032808663,65.393540066
27.003253629,64.186367326
22.3369,63.4584
29.456541168,64.138237317
27.691651033,64.247962162
22.2885,63.4138
22.47,63.4946
21.83848,61.51285
26.0383,61.2037
21.521754,62.251414
22.8199367,63.4611069
23.0152,63.8245
22.2210075,60.52027278
22.058626,60.48602
22.08707692,60.49271536
24.225025,60.135297
22.5642,60.6478
23.523998,60.094222
25.131247,62.662134
22.872,63.8316
23.42378405,63.79342067
26.438998009,64.508090314
21.318666,60.539203
29.495169,64.107536
25.877008,60.489355
22.11353551,60.51706473
23.08792457,63.82554671
24.09584035,61.10236934
24.978629,63.36065
23.6118,64.0391
22.09253351,60.49449086
22.12559,63.27116
22.916,63.8008
21.807041,61.50299
23.014971,62.004852
21.635277,63.118781
27.12141,65.401982
21.933689,62.127847
22.54516043,63.45694653
27.4756219,64.128334011
22.9526,63.765
25.246524,61.3495
25.733156,60.396876
23.571317,60.067873
21.738844,62.499312
25.816627,60.952579
28.748507946,65.33426858
29.251077,62.434982
29.082422429,65.15072822
26.259677,60.395969
22.975096,59.828951
23.19806014,63.82949532
23.826249,60.167993
23.64631,60.069772
22.20019992,60.4747234
23.4716,63.3688
28.52336667,64.24525
22.14192708,60.4798051
24.299474,60.477475
23.52699525,63.85252296
23.22645946,63.79195867
23.42779191,63.91834972
27.006383323,64.108737453
23.4763,63.3811
23.16381569,63.82974732
23.18976316,63.84372106
22.567912,62.136582
22.555554,63.571158
24.269654,65.841774
23.60971922,63.37430086
21.928696,60.38199839
29.09862204,64.495129448
27.186763,63.569916
23.043625,60.844027
23.35465096,63.77377867
23.097762,61.113204
22.28169,60.480253
23.09032961,61.12022076
22.392937,60.486123
23.36882346,63.80916667
25.693395,60.408798
21.220523,62.376837
23.441657,63.370324
27.897485291,64.27398065
28.03746392,64.2225023
23.1644,63.3434
24.052429129,62.009392516
25.093212,60.340185
28.939632284179627,61.86512352265554
29.32731866,64.84761615
27.699897988,64.452447884
21.17898,62.655146
23.1333,63.8729
21.4979,61.1411
28.454093057,64.170458637
27.211967403,64.131664391
21.7751,62.51711
26.4823,62.3028
23.53088331,63.45161665
22.62825,63.12352
27.98728587,64.38865365
29.37861443,64.269684156
21.710154,62.298402
22.94124,59.82669
24.233,60.5345
22.38589733,63.48259593
21.385295,62.47333
22.47591559,60.61285418
22.83365,63.24729
22.44288,62.289762
27.63787509,64.25162426
22.35862,63.391738
21.67188,63.00292
26.440701,60.36366
28.070517729,64.073406446
25.63865167,63.42652667
22.3648,60.3375
22.78289,62.494617
29.2704,61.933567
22.8842,60.5889
22.80600686,63.31587599
22.4317,60.444011
22.50041165587831,60.018257672835006
22.228075,62.460872
23.1175576,60.3800959
23.3029,59.93418
25.655994,60.413979
23.695045,60.077449
23.13035466,63.82058704
25.584819,61.013916
22.17883,60.49484
24.831741,61.115925
22.704395,63.533766
22.056856,60.490549
25.975971,60.938834
24.941422,60.241595
23.665036,60.058456
24.1370709,61.09673885
22.018345,60.44699
25.82227,60.953871
21.560497,62.380304
24.161122,60.281182
22.324219,60.446625
21.32402,62.74988
24.374156,61.058753
25.703845,60.795471
27.107297641,64.203352099
27.027294592,64.557145358
22.698113,60.852617
25.50446,60.983465
21.914892,62.718692
25.4766937,65.0136023
25.649965,60.941523
27.933691898,64.65360452
23.051524439,59.83708392
23.523628,61.081552
29.435976669,64.091925052
26.244484,60.401366
29.949704661,64.037286632
24.82886,60.468154
28.162963341,64.112790473
22.30626,60.61356
22.19861,60.48076
24.68499,60.37725
22.16467989,60.4908791
25.515468,61.183411
28.000641031,64.301749554
23.979442,60.38725
25.550594,61.171598
23.294878,59.908652
22.191267,60.552031
25.4698425,65.0113548
24.409475,61.054547
25.025203,60.324404
25.476415,60.991645
30.609777,62.482418
26.7232,60.8888
22.278584,60.308463
24.9598,60.2332
25.012779,63.618956
25.772724,60.952069
22.08902753,60.48971083
24.40572,60.976397
24.173098,60.264492
23.2363,63.899
21.6988,61.4872
24.459093901,61.350235069
24.5526971,63.1945214
25.445515,65.003852
26.106372,61.733827
25.65018,60.40507
23.62246,61.526066
22.476756,60.519834
22.666668,60.354413
28.029843,61.106928
24.91009,60.35852
21.58217,60.526951
22.03935,63.23368
25.631482,60.972433
22.3528729,60.4671519
23.484803,60.116628
23.279565,60.796428
25.784743,62.572719
21.48252,61.591924
24.515513,64.09402
23.553589,61.558324
22.519355,60.417102
21.535821,60.575811
22.10207378,60.47577164
22.19756555,60.4749162
22.16967126,60.47231454
24.464671547,61.276674396
23.13072,60.36772
23.913127,63.903606
26.234386,60.446832
25.0327566,63.13265333
23.69369,61.161782
21.4972813,61.1025581
23.7056,61.50373
22.13746543,60.5000705
26.451645,60.72113
22.928789,60.781174
23.663082,60.063714
25.683653,60.981009
23.916378,63.887069
22.111723,60.594164
22.503235,60.430656
21.597964,61.546178
25.096321,60.262097
24.755341,61.998462
22.14988343,60.46597278
27.727239,64.222535
23.943358185,60.613716754
21.664274,61.321365
28.31909,63.066603
22.512424,60.425096
21.958102,61.561265
24.353261854,61.258477838
28.94041,66.94203
30.0634,62.443882
27.212339,63.554654
22.90779211,63.83654916
24.657475,60.168183
24.75595,60.402223
22.753815,60.580166
22.65021108,63.40684356
26.10157689,66.9368897
26.74933,68.92373
21.479656,60.614962
23.108325,61.113945
22.05806,63.21295
22.1801614,60.46830533
26.1772,61.0832
23.763524,67.323603
30.01894,63.333357
21.516567,61.8714
25.608805008,62.310903259
21.896858,61.4510743
25.3882,61.9715
25.079556,61.742291
26.22586,63.251119
23.49553647,63.59061491
24.777603,64.008178
23.15988624,63.85285835
21.403483,60.81797
28.494053,62.97801
22.124467,60.55347
29.825703,61.892235
25.52963,60.984308
25.69588,60.39311
25.054235,60.166365
25.852826,62.567976
21.744653,61.486522
28.71692,66.534072
21.483917,60.595667
23.088864,61.117483
23.078413,60.847106
23.105122,61.107074
23.193,61.6381
24.979404,63.369844
25.021011,60.332551
29.982569,63.331508
24.8458,60.2456
24.6787,61.0701
23.066509889,62.127539717
28.465447,64.664685
29.3576,61.4344
22.512971,60.409209
21.622,61.36
25.263448,62.977323
29.077678,63.558434
27.733601,60.974764
26.2016,60.6201
23.519454,63.542645
22.98013286,62.90460077
24.95187,60.25653
24.119443,61.087181
26.7863,60.7649
23.726638,60.830291
22.84016043,63.0372256
23.020371,63.72499
26.290112,62.627259
22.423756,60.440912
28.804564,61.141661
27.515754,61.731458
24.628935,63.834533
22.0613,62.3574
28.701707,61.60834
24.142692,65.855842
21.53344,61.77596
22.376442,62.596857
23.264172628,61.392459362
22.73037569,62.84195655
29.5126,64.1229
22.922523,60.782431
27.99722,66.94927
22.37631,60.47759
23.650832,60.058775
22.892462,62.817358
28.180074,61.280767
24.7466,60.5278
25.598821,62.379966
23.4388,59.9755
27.5682,60.9214
26.18403645,64.10485013
28.214737,65.58526
22.56552,62.39159
23.51544,60.61083
23.1645,63.8671
27.81313,63.43469
23.852836,63.149183
23.122536,63.860561
21.319249,63.345324
22.490859,60.426028
25.0807,60.3509
24.567284,63.083827
23.02479809,62.001890115
24.835841,60.259447
22.50866,63.12053
27.118113,61.441368
24.1331,61.2608
21.396282,62.544983
22.130445,60.553603
26.276164,62.625601
27.704215,64.225231
21.954286,61.047153
23.9286,61.515
23.776634518,61.255613543
27.332577,65.695889
21.36755,61.033193
22.17405673,60.48141474
24.229620284,61.455513289
25.377145,65.120132
22.371567,61.803624
22.388892,63.310351
23.70118,60.081133
23.6005586,63.0519421
22.466344,60.072849
26.008244,61.545942
22.660587234,62.011443406
25.537412,64.997259
28.68095,66.9302
22.979320453,62.026830194
26.050447,63.669612
28.84904,67.08961
22.837767401,62.07274944
28.828704,63.676976
28.28006,66.52148
26.244256,66.803618
23.326,62.9246
24.411342,61.055741
23.4356,63.4216
21.657773116,63.162018728
28.44673116,64.66758079
25.675579,65.086733
25.357054,65.236293
25.0654,60.4868
23.07186,60.849438
24.817675,64.261678
25.6164,64.6563
25.4232783,64.8172992
22.97959,61.39162
21.44904,60.799425
29.7947,62.6274
25.817785,62.229136
23.422688,60.840869
27.837789,64.407664
22.846415,62.800711
24.7533,60.175
22.441882,60.494608
25.56623,66.69289
23.53814063,62.222438091
25.488297,62.433599
22.923365392,62.002673266
24.462175,60.621576
28.41121,66.93649
25.243764,66.631499
22.054667,60.493213
25.0201,60.2585
24.8872,60.6481
29.457036,61.589172
22.16248169,60.46297728
29.236014,63.243309
25.11627,60.21584
25.02265,60.311743
29.045302,61.948151
23.863163,61.185175
23.885268554,62.188238054
22.09221161,60.48698565
23.0482322,61.849352351
26.87647707,60.45183212
25.010328,60.417847
22.47224,60.51554
25.276644,62.701042
22.9686,59.8264
25.483793818,61.983613533
26.03863,62.27809
24.8371,60.6082
22.425177,60.528223
25.0304,60.3112
29.630213,62.43599
29.03671,66.54892
25.88725,62.3672
25.376601,65.194482
29.078493,63.555997
23.68648,61.47847
22.964767864,61.875175028
24.7912,60.1637
23.0800887,62.1959938
25.333922715,62.273463498
22.08365663,60.48617517
27.2066768,62.0247386
25.831989209,62.249650503
23.312961115,62.319638552
25.6553,60.961
23.181345,62.237433
22.3756,63.3255
25.711385896,62.30130997
23.68648,61.47847
27.089775,61.657077
25.631151,66.597325
25.00301,60.30283
22.142193,60.489625
28.207931,64.495892
23.8877,61.4645
26.652875,62.009446
24.74251,60.28482
27.1187,62.6269
26.7394,60.4957
22.17392478,60.49393107
22.405919,60.479741
22.505407,60.019858
23.0698,63.8295
21.615,60.5629
25.7568,62.2161
22.94078,61.36103
28.941121,61.859468
24.474814,60.399923
25.93625,62.42724
26.0822877,62.0982523
26.7718,61.6528
27.1161,60.9019
24.0262,60.2285
23.643136,60.815941
22.011659,61.694095
25.832977,62.324325
24.374478,61.060352
25.29521,61.878052
21.622436,61.121324
23.181238125,61.486189594
28.11273,66.77569
23.064578,62.750031
23.3330914,61.474641827
27.253054,61.67853
28.1844762,61.2258364
24.193546187,61.572800586
22.47396,60.51405
24.2304,60.5349
22.485886,60.518097
24.331917551,61.978432323
24.795756,62.872791
25.0984,60.344
25.11411,60.21865
24.9611,60.1734
28.815637,61.206261
24.55664459,64.30164313
27.216663,63.552165
28.108885,64.338217
27.733483517,64.905029132
25.057479,60.299864
21.8713,61.5915
21.9102,60.4587
25.1818,61.5657
28.598378,61.909209
23.7503,61.2151
25.6258,60.3931
23.421344404,61.454594982
29.134583,63.547773
24.445653,60.990688
23.787707,67.331344
22.700532,60.856044
28.76481,66.774245
23.146312,63.307089
26.7988,60.9288
24.484513,61.008986
21.22108,62.3766
24.533361,65.794534
24.581573,65.676285
22.435419,60.492914
28.453685,61.10679
23.085689,61.498365
24.706771,62.253683
21.519863,62.157086
24.677366081,61.484992047
24.285622,61.670735
22.86982049,62.79407087
26.050536,63.665727
25.568254,64.92456
25.08825,60.20374
22.47855,60.51248
28.25455,66.6765
22.70544,61.29444
27.3477,61.7031
30.048037,63.310312
29.636628,62.307881
23.7029,60.0733
24.379714,61.060518
24.3210394,61.473397
25.0316,60.2336
28.12074,66.98594
25.886106,61.735794
23.028409,63.113572
25.547464,64.7815829
24.49830828,60.9595549
27.0392,62.6653
22.484089,60.517897
25.099965,60.2403
23.0200919,62.969787
29.27095,61.9033568
21.6283,63.1042
23.097381,62.657404
28.336294,63.072067
29.6136,62.0544
22.9828,63.8215
26.282816,62.912478
23.53037678,61.49478854
23.3506,61.4906
23.2936,63.9031
25.649,64.5063
25.64685,60.38942
30.132022,62.805783
29.0242,62.7201
24.30082,60.1146
25.08028,60.20295
27.187892,63.568371
24.0845,62.5492
29.998426,63.328811
25.05403,60.19018
29.447973,63.451785
28.32376545,62.05929563
24.612567,60.182665
22.16891,60.45915
22.593019,60.652504
24.9906,60.2751
24.5231,60.2653
25.5843,63.3694
22.3972,60.415
23.5521,60.1317
28.02798,61.529119
29.14357167,66.00030862
22.58694,60.648257
29.43511,63.178061
24.1347,61.0917
29.143016,66.000661
21.5863,60.9914
22.16849108,60.46458089
28.8756,69.59017
28.802,61.163
22.466161,60.551403
22.576486,60.541696
22.395589,62.621149
23.074306,60.904553
27.220257,61.695312
23.612578,62.599655
23.794460115,61.32377007
25.95474237,67.03377999
22.396939,62.611197
23.6355,61.5229
23.0615,62.7687
23.626142,62.528982
28.84993,61.281611
22.1019,63.0528
22.1797,60.4719
22.3413956,61.2488007
23.760029,61.437748
26.709,60.8512
23.41018963,62.8661476
22.90635912,62.82203272
26.235395,66.782293
21.8532,61.5838
26.871161,64.273721
22.25581,60.46441
24.436331838040203,63.21094850206452
22.907037,62.823983
27.3236773,61.7103903
22.0806,60.5962
24.380966,60.36901
23.948509,63.103403
24.414303,60.370864
23.557118843,67.58536326
22.887511,62.805568
24.444752,60.269078
24.9189,60.2797
25.578340776,62.267447732
22.1982,60.4628
23.6689,61.5083
24.6598,61.3649
24.7753,60.2528
22.869552,62.7434
23.491838,62.730777
22.98094641,62.98668144
23.1824,61.6664
22.1038,60.4899
29.2949,61.8025
24.80889,62.667224
22.703333,61.490721
25.64035,60.38748
25.556449664,62.04143042
25.438585,62.499891
26.74184,67.585102
28.072504,61.153626
26.817627,62.609061
21.424026,62.841838
22.85582,62.766113
25.671701,62.136553
22.99526964,62.95915539
25.78032,61.839224
24.701561,60.26055
26.619286,63.656042
23.19713834,63.01397016
23.201400465,61.51183344
28.171949,61.046923
26.9454572,60.5198838
28.2433,65.5781
21.747555,62.493262
25.570153,61.750701
22.23459,60.46874
22.14717106,60.48836198
27.344290932,66.749363965
26.21876,62.27096
23.881874,61.166134
29.072614,63.557177
22.2212,62.4559
25.1423,60.2213
27.97939,69.2685
25.24979744,66.24895536
23.077,60.3962
22.07882,61.888254
29.03085902,66.511440311
26.257255,62.1884432
28.157573,60.851287
24.9039,60.1988
26.5104,65.9326
21.505825,61.863846
23.02037028,62.9830906
22.17407848,60.47833022
22.50206,60.436347
25.671734,61.503186
23.835397,61.167217
25.906734416,62.146938738
24.76057,60.23584
29.1655,63.5431
26.969361701,66.905197929
25.574221,60.645766
22.073829,61.328228
24.773251,60.222194
27.426813,68.418566
22.597107,60.539
27.1786,63.5748
24.712329,60.244839
22.3416,60.5433
28.323772941,67.71061824
21.3776,62.2813
23.1057,62.5729
23.128645,61.582102
22.858,63.8165
23.5317,61.6076
25.665,60.4096
25.3664,64.1444
28.321099,68.848298
22.76312,61.32358
21.7082,62.3075
25.6811,60.9905
21.483,61.8524
24.6164,60.1679
30.1466,63.3213
22.8573,62.7472
29.371605,62.85634
30.164723,63.325064
23.686753,60.067109
29.753616,63.362358
23.658021,60.069969
27.12082333,68.10079167
26.356952,66.228093
28.694859,61.181014
30.18966,62.557247
24.8327,60.6477
25.7971,62.2433
25.974493,63.6783
27.118035,62.625521
24.480286,64.682869
21.6437,61.6704
26.617602,67.509415
29.264231,63.23442
23.518697,60.090533
26.46229753,66.23194774
25.103,60.2978
22.6819,63.8006
27.264994,61.711517
25.834715,63.06487
24.3774,60.9755
28.857028,61.233885
26.22939,60.45866
28.804199,61.163618
22.253516,60.459249
25.1426,62.0803
28.175038,61.679807
25.708566,62.646057
23.484059,60.10266
25.327964,66.785595
22.981356,61.382476
25.9517,62.414
23.603508,60.09499
22.15890381,60.46644521
25.498368,65.068642
24.0322,61.2603
22.406,61.79653
23.768792,60.109248
21.6762,61.535
22.132859,60.549241
26.153224,60.615003
25.667152,62.570496
24.639716,60.939856
24.866449,60.615478
24.08518,60.2575
22.23395,60.46638
27.4506,61.3271
23.8849,61.1809
24.5458,60.1537
23.675999,60.06795
21.8332,61.4974
22.7672,63.7922
25.472,66.4321
22.6763,63.6717
22.3765,62.5967
27.2951,61.6878
25.2561,62.7078
23.5103,61.5714
24.8769,60.2016
25.1088,60.2451
27.894722,61.4333
22.2251,60.4743
27.5425,68.6591
23.5102,62.809
23.705642,61.171153
23.701003,60.077594
22.716,63.8195
25.583775,65.00076
26.02961,60.44888
27.861655,61.390931
22.77303,61.3221
22.9036,63.8357
23.0912,61.4997
24.860331,60.283797
23.9982,60.1878
21.7258,61.4876
26.051178,62.101127
23.2371,60.4512
22.1050542,60.49489785
25.6735,62.1287
24.447997,60.113624
22.37649,61.8151
27.490305,67.089309
30.258987,62.915761
29.121349,63.56184
23.5628,60.4607
27.02057,69.02636
25.723962502,62.243457367
22.15048148,60.49620951
27.849998,61.080291
24.695,60.201
29.101421,63.55578
27.112222,62.621022
29.462537237,65.219051583
26.74280244,62.95607304
25.732387345,62.181225995
28.8263,61.8773
22.155965,60.47124063
29.109907,63.560187
22.67974,61.29054
27.482941,68.606821
22.8573,63.8789
23.0531,62.563551
28.909686,62.648793
27.24804,69.23940333
23.6273,61.452973
22.596433,62.729563
29.623466,63.476151
24.58117,61.1738
21.825136,61.477785
22.3207675,61.0599874
21.83775,61.484336
27.2168,63.5491
22.15083353,60.47082885
22.1670156,61.1397614
22.5801,62.7302
25.141506,61.932594
27.6498,61.5827
22.78881131,63.7493602
21.5192,61.1332
22.8084,63.8052
29.7936,62.6743
21.313985,60.566444
23.90323,61.19117
26.79887,68.83292
28.0919,61.0356
21.696,60.8722
22.7602,62.4897
25.2442596,63.54388895
30.01821,63.321124
23.2809,60.8045
29.8976,61.754
25.95447,68.44967
29.13126291,63.54415019
29.087999,63.554162
23.8354,61.448
25.770471,61.01324
24.2068421,64.1820817
28.941507,61.274626
21.7495,61.4886
21.47161,61.509058
21.404655,60.7875
22.176786,62.438605
26.275874,64.350475
25.75515833,63.357475
23.5918,60.3792
22.6823,62.7697
28.19728,69.33380667
25.71403703,63.45290933
28.100796,61.597008
22.68363,61.28937
25.0669,60.4926
25.65424495,63.4824919
22.9563,60.2537
29.5954,62.6352
22.7663966,61.3150823
21.58097847,60.5609088
21.661944,61.522595
24.1972,65.8422
27.394518,63.366521
22.148637,62.412401
27.384985,63.367303
28.947001,63.542339
24.2508,63.7735
21.663801,61.509739
25.100488,60.261055
21.648525,61.504311
22.4048,60.4463
22.381664,63.299665
28.6322,62.4252
25.73105,62.601931
23.202277,61.171907
26.062245,63.18617
25.28924,62.990891
27.5139,67.14319
22.7597,62.6974
22.2277,60.5015
22.76954,61.31387
22.71014,63.68241
25.77635274,63.13935933
26.9318,60.5135
27.09844167,68.21424667
21.73491,61.49059
29.099162,63.565902
22.797136,62.814494
24.245099,63.77675
22.844671,62.782537
29.6635,62.6359
25.08331,60.28592
22.10514,60.47584
23.422337,59.989565
25.82607833,63.01404333
21.8618,60.6486
22.4706,60.072
27.831947,60.963494
22.10196,60.575289
30.673045,62.747289
27.6347488,61.5936828
23.852837523,61.334449704
24.84593,64.265573
21.4245,60.8047
23.558883,61.07791
25.111055,60.488457
25.979083,60.93848
21.736827,61.486406
26.17997736,62.98840233
23.478912,60.822539
24.7525,60.3991
24.171169,63.910659
24.564574,65.776915
22.948623521,62.14709629
27.801504,61.092264
25.355577,60.673593
22.8714,62.8053
29.255379,63.239183
23.863310053,61.342438269
22.18170667,60.4694317
24.9615,63.9308
22.249181,60.414213
28.964739,62.703321
28.0246,66.86761
23.2663,61.7057
23.746422545,62.21869668
30.8301,62.6169
25.56783471,63.37569175
24.07838076,62.56451024
25.545144,61.177505
29.24296,67.21533
23.5091,61.4902
23.0503,63.5937
22.79738,61.32272
25.66126667,68.90962167
25.57605667,63.37759167
25.524993,61.177098
25.900703,60.945384
21.6599,63.0804
27.619005,68.72689833
23.143652,60.652875
29.361633,62.850087
25.107232,63.116024
22.58438,60.543707
23.8337195,63.0217979
23.065831,62.564755
28.80581,67.09705
23.8703,61.475
27.1543833,61.1143684
24.8321,64.2686
25.7178,60.316
23.058623,62.555082
24.7603,60.3721
23.4628,63.3859
27.60282352,64.934613578
21.423,62.8377
23.639992,61.063482
29.1698724,65.9754333
21.6294,62.9196
21.325632,62.473851
22.126948,60.552527
22.5974,62.7289
22.23542485,61.10685479
21.78739,63.22081
24.6767,60.1805
23.7792,67.3313
27.7008,64.2222
24.0685,61.9815
23.30296078,60.77653721
23.0841,60.3923
24.5605,65.737
28.1818,61.051
29.3866,62.5323
26.654,60.8708
25.7136,62.2864
25.4786,60.4013
22.763666,62.496443
25.84633,63.912202
22.7003,63.6799
22.792063,62.817964
25.763869,64.914562
25.5247,64.9559
24.5973,60.1854
26.9460905852072,60.46418916075918
24.9604,60.2094
25.727323,62.626246
23.871022,61.175617
29.7829,63.1159
23.08933,61.117141
23.0467,61.4454
28.66535,66.8215
27.30087,61.696374
23.860502,61.165058
27.704406036559767,60.67404816145614
29.3674,62.5376
24.7671,60.1938
24.561358,63.043084
25.156449,62.119991
28.76741167,66.75938333
23.7983,61.3593
25.444829,65.323227
21.621792,61.359844
23.75213,61.316268
22.562184,62.131915
29.000902,62.053654
25.9619,64.1746
26.04014584,60.5561686
28.164,62.9137
23.560116,61.083171
22.701,61.1765
27.7437,64.2186
23.9352,60.1957
26.18916,63.18035
24.5033,62.1346
24.4194,61.0065
24.003426309,61.990102886
21.9286,60.6273
25.04385,60.79729
23.8234,61.4898
23.636881,60.815805
25.7118,66.4999
29.112536,63.555099
21.9822,62.6891
24.52147,62.141974
25.9963,61.1924
26.035,65.0347
21.773265,61.533004
29.057143,63.629919
23.555825,61.079134
25.983095,60.939824
25.15141,60.42234
23.6301,60.8069
21.7382,62.4876
28.3696,61.7873
27.2476,61.5118
28.7616,61.2014
25.8247,66.5313
23.1264,60.3727
25.4976,64.969
26.9084,60.4557
23.5338,61.0818
23.619034,60.827514
24.05600374,61.26438707
24.03323,68.27513
27.543,68.6552
25.432762,64.934725
26.72307,69.2919
23.8044,63.0069
23.604919,60.813944
26.89055024,60.49599219
25.043035,60.347443
23.660088,60.815088
23.968209,64.341383
24.800992,66.056381
29.120132,63.558586
25.34015,67.86538
24.23149,60.29946
23.1043,63.8534
25.380027,64.145284
25.354941,65.176639
23.468728,60.260585
26.0104,61.579
24.969,60.27237
22.12613163,60.50751807
23.8301,67.3483
22.764172,62.487822
23.8633,61.1766
21.407313,63.231472
21.62662,61.94171
25.2054,64.6077
23.6287,60.8212
25.3568,65.1293
22.094753,61.440572
23.8432,64.2413
22.1502,60.5016
22.729586,60.161759
24.6869,62.0193
22.4115,59.9215
25.25579,60.3786
27.6778,64.2154
25.77688,60.95351
22.33207,60.48729
23.1907,61.6525
23.9627,66.7734
27.1645,60.5636
24.760707,65.68019
25.052819,65.66236
21.692495,61.401022
25.78568,62.28016
25.8019,62.2711
29.1469,66.3002
23.7307,61.8794
22.98818,61.78042
25.396492,64.623638
27.8983,64.2744
22.356,61.0448
27.22277,69.13853
27.407584,61.369998
24.13027881343533,61.62442854833621
22.5383,63.5299
25.658795,64.760468
21.5594,60.8185
23.4467,60.2668
24.0174,66.0417
27.36737,61.371217
26.880541,64.820268
28.1005,61.135
23.1536,60.9401
23.485277,60.791596
25.4707,60.9001
24.5661,64.6876
27.477869,61.419178
25.7029,60.3849
25.669684,64.841787
27.6057,62.8897
26.944686145627145,60.46995491062222
27.710567538636823,60.58031971177049
24.814156,62.729749
27.585812,60.855976
27.6612,63.0715
21.5887,63.1141
27.3437372,60.9109308
28.2089,61.0457
21.7980944,61.494203
23.7221,60.6991
23.617,60.8107
23.808373,61.439989
23.7234,62.6044
25.5435,60.9409
23.8191261,62.6444015
22.8227,62.7589
28.1034,61.0509
26.124650374,62.682927401
22.4044,60.4212
25.667864979,62.570329808
22.3906,60.4453
27.2391,63.5162
27.5239,63.6689
21.7283,63.0861
22.3938,62.6149
22.8674,62.7524
24.8281,64.2681
23.803861,61.443203
25.49488,60.97197
28.69717,66.53764
28.11919,66.78777
23.1829,63.8262
28.41548,66.8268
27.739672,61.531062
26.5864,67.4136
21.6481,63.1044
25.060201,60.317242
28.21209,67.00064
24.5754,64.6924
27.4497,61.027835
29.23171,67.19781
23.810463,61.443683
22.684667,60.347417
28.75325,66.91116
29.110389,66.483583
21.3401,62.0287
27.43385,69.06586
24.665133,62.223268
23.59513,60.90273
28.59696,69.50818
24.109430626645906,60.27601521564177
28.478451,62.975237
28.31003,63.057793
23.2269,60.5248
22.387141,61.8082
27.79236667,68.82791833
25.13874,60.34041
27.85563833,68.80449167
27.83755,68.76959
27.181774,63.580244
30.5159,62.5549
30.1476,62.0976
25.05513,60.25959
29.7877,62.5893
25.3917,60.2532
24.4103,61.0121
28.337474,63.061356
25.741347,63.960924
27.4288,66.7095
25.4039,64.9353
26.493095866,62.472635377
24.806547,64.273873
22.4716,61.8465
28.0754086,61.1526875
25.865897,63.093403
25.4132,64.9352
26.351813,63.179185
28.488579,62.974525
28.31532644,69.3680431
29.8481,62.7648
24.7694,60.178
24.3678524,61.0515659
28.341701,63.071834
25.81330772,62.56493452
21.95405,61.56144
28.1789293,61.2335373
29.9108,62.0859
23.5852,61.4957
28.615310853,65.098028933
24.312877,64.4102
22.63,63.3973
25.519781,64.962365
22.7261,60.4589
26.976,60.5416
23.8202,62.6366
25.7535,60.4554
22.1582,60.5061
28.473258,62.975217
25.446,65.0446
26.5672,60.8584
25.09663,60.524647
25.704884,62.602944
22.852,62.7759
24.306,64.1669
25.5455,61.1727
27.9360453,61.0777784
23.716563792,61.7236786
23.748432602,61.904624511
25.0999,60.2663
25.783959372,62.743779817
23.395318477,62.011589266
26.05043986,62.739876334
27.654044,62.88046
27.2379157,61.4996759
23.61677783,63.77612222
27.8366,62.3132
25.0801,60.32967
26.669748157700177,60.87001855684658
22.1764,62.4172
21.7806,61.4052
25.035885,60.300151
23.8961,63.3202
29.3561,62.6325
23.55931,61.08023
22.807126,61.158364
23.8005,63.4766
25.463054,63.748292
29.649782,61.673606
29.5302,62.4892
25.310979,63.758088
21.2132,62.5051
27.7065,62.9164
27.546379,60.535372
25.7574,66.5174
21.4423,60.9505
25.4061,65.0806
28.64640681,69.55404018
22.529525,61.188059
28.2639,64.1483
25.252655,62.670282
25.686772,60.404059
23.6473,60.0555
23.55629,61.07394
25.3747,65.3204
22.24194,61.992
24.03802267,60.238889618
28.7989,61.1666
24.54397,62.880103
24.826531,64.258331
25.0752,63.1202
22.681377,61.167065
25.583,60.9659
24.7104,60.862
23.190493,60.380015
22.1287,60.5558
24.96299065575345,60.29267455371412
28.93535,67.0501
22.76384,63.706895
25.0679,60.4675
29.18785,66.66212
24.1994,62.5292
25.0763,60.262
25.0983,60.3929
23.5066,62.8046
25.649,64.7635
26.421,64.7594
26.259808066,62.460430406
22.8908,63.7926
29.03222,67.10018
24.9892,60.4022
23.31086208,63.63830279
25.708702456,62.645873532
24.7593,60.3748
28.87448,66.52728
24.4391,61.0508
25.4556,64.8073
24.844373029,62.758318591
24.077047581,61.98875633
24.82173894,62.41287881
26.7589,62.9559
23.337985939,61.834773737
23.6135,61.6289
25.67208329,62.6245338
23.372398,61.978934
27.18679,63.573757
26.05922361,62.65987158
23.375509022,61.992870278
30.1504,62.3064
28.2391181,62.2947676
22.601936,62.963104
22.615936,62.90381
29.28010951,63.23977105
23.2786,60.3498
25.01253,60.26428
24.9038,67.6608
23.9832,67.1516
25.5476,65.0258
23.3025,60.0583
22.3988,62.6178
27.1984,69.1027
25.728222,67.143101
22.0583,63.2126
22.7101,63.6824
24.5486,65.757
25.17175863,62.26121809
24.8527,60.3224
22.4122,60.4079
28.8759,61.8718
28.6738,66.8304
26.341556,64.103787
22.20138137,60.48841122
23.6563,64.0617
21.754289,60.848545
25.319046,63.716411
23.4515,63.8608
25.2723,60.3777
22.38721748,63.31540677
22.2336,60.4737
28.2436,65.5751
23.806786161,67.932412767
26.6541,60.8748
23.705528,60.079404
24.773956,62.898029
26.5147,64.6531
25.0128,61.0771
23.8522,61.4418
25.814009,60.288003
23.654935,60.070372
27.2078,63.5693
25.3154,60.4066
23.512187,60.634442
23.68312636,60.07322412
23.657791,60.057837
29.9833,62.7402
22.4831,60.4245
22.1353,60.5055
29.9205,62.6182
28.6696919,66.834644
22.7827,63.8069
22.4821,60.3679
26.8629,63.5896
27.4322,66.713
21.9582,60.3457
27.4305,66.7165
23.7607,61.3142
27.5398,63.2024
23.641264,60.075029
24.2581,64.4615
22.3849,60.5938
22.3444,61.256
23.648567,60.070458
21.1909,62.7852
28.758,61.1558
22.1261,60.6198
30.1768,62.558
25.93878,62.39536
24.921124,60.156079
26.4082,62.9295
23.5946,61.5561
22.314,60.4737
21.2274,62.5752
22.337,63.4584
23.58788,60.81445
25.231839,62.70634
24.5444,60.9699
21.8259,61.5616
23.68607,60.76916
29.4997,61.5581
25.453691,65.03276
25.987151,61.160504
24.5371,64.0714
23.58557,67.871439
23.0441,60.4399
25.6916,66.4752
25.655465,60.983364
22.74759133,63.7104802
22.6984,60.4484
25.755,66.4979
23.92976,61.47779
25.7137,66.4842
23.584599,60.377684
22.716497,60.423751
25.6648,66.5309
22.9873,60.491
27.41598,68.40409
26.4136,64.7612
25.8701,64.8819
26.954172313,64.243094805
26.1454,65.0283
27.315504701,64.125126262
22.0076,61.6926
26.223811708146066,60.454854450551665
25.605772231980787,60.388243912470614
26.0838,66.4557
27.77627,64.22176
23.045239,62.941444
27.316359199,65.3975078
27.7867,64.2336
29.2547,63.2437
29.2638,63.2482
25.1074,60.4134
25.0199,60.3962
23.4922,60.8053
29.8408,62.544
22.9815,63.6249
21.45483,62.54139
25.931,66.3259
25.209601,62.891147
21.4051,60.8189
21.397079,62.545476
28.8346,61.2237
29.8576,62.6196
27.1314,66.3416
25.5015,66.4199
27.0714,61.6447
28.2106,63.0133
25.6244,60.3711
24.518,63.9066
24.445181,61.002246
24.7525,65.6777
26.585945,63.645335
22.005485,61.363703
27.207,63.6207
28.2946,63.495
28.1856,63.2922
28.3306,63.0647
24.5587,63.0418
25.7702,62.2136
21.69016,63.1864
21.4083,63.2314
23.923802,63.211936
21.6026,63.1301
29.0063,64.9012
25.084995,63.189194
27.6795,61.1968
26.200236,62.261984
27.6147,62.8654
21.5267,61.1088
24.934268,63.155061
22.3881,63.3081
22.5876,61.5963
27.2274,60.562
25.345,66.2476
25.477,64.9989
22.3103,62.9929
23.2586,63.2271
29.1197,66.1639
22.79137112,63.19082564
23.84443,61.504652
24.10411329,61.531906498
25.989,64.8083
22.993355,60.868088
29.123034,63.558909
24.231226,62.119961
21.6576,63.0085
24.453764,64.666568
21.6837,63.0911
25.563984,63.395077
22.4006,62.9488
22.634,63.7098
22.6858,63.6812
22.5914,63.6624
22.8077,62.7938
21.94654,62.659226
25.4658,66.6447
25.05659,60.328406
22.6958,63.6921
29.853757,62.192922
29.314767,61.8564
28.34464,64.1361
22.7512,62.4873
21.896911,61.470082
29.8264,61.8901
22.281499,60.303082
27.2062,62.0188
21.9079,60.6247
25.0267,60.3005
26.294348,62.627833
25.072389,62.88317
24.4805,60.399
24.9561,67.1661
22.782372,63.604622
26.504877,65.933738
29.51674,64.121671
22.68262,61.27989
24.7679,60.2056
22.790221,63.144314
25.086,61.3019
24.8567,60.3008
23.797932,61.202509
22.912136,62.816269
25.850852,65.375359
25.3215,60.6406
29.2734,61.9205
29.522399,64.127513
23.748837,61.224735
28.800782,63.685854
21.56752,61.80873
29.199478,62.186371
23.4649,61.4723
28.29430081,63.05648854
29.254661,62.098541
24.3571,61.6793
25.052551,63.124412
23.7581,61.4543
25.125561,63.267169
24.7495,60.7412
27.236119,63.556052
24.116916,63.465343
23.064444,60.850307
26.853041383,64.558500546
25.5243,65.0261
28.8161,63.6776
27.123291,65.917104
25.6907,66.4916
23.807085974,61.492318759
21.7118,61.4843
24.5311,64.0829
27.21152,61.28674
23.368245,60.580158
25.4162,64.8091
23.829892,61.500104
22.12542291,60.48241299
30.6101,62.482
26.393525,62.93180269
23.573742,61.561222
26.8438,64.5604
23.647378827,61.613712784
26.54254,66.016117
24.208,60.2961
31.02935,62.578586
27.0742,61.6456
26.0285,60.682
24.897566,64.295947
25.2879,62.6976
30.9419679,62.6732202
23.1413,60.6555
29.816355,62.614131
24.981489,64.238487
22.7826,63.6622
23.1039,60.3966
24.557279,64.301196
28.0292835,62.7610471
27.6626,62.9334
27.732711,62.982855
21.791,63.0332
28.174,61.0646
22.3332,60.3144
26.0283,61.191
24.064645559,61.441881939
23.874945728,61.917893509
25.335612,65.177785
26.09437,61.20567
24.5515,64.0638
24.51706441,61.865401014
23.47676608,62.85217438
25.673052,64.951682
22.1959,60.4863
28.220701,66.096947
27.6084,62.5823
23.656498759,62.147035831
23.514833,62.768376
23.345618826,61.451437112
25.6814,61.5014
21.8038,61.4942
24.4107,63.6181
22.2704,63.25436
24.961,60.2913
26.534791141,62.422454768
22.016138881760185,63.29659685082918
23.1679,63.8207
27.0254,68.9056
25.1442,60.3367
29.2332,62.6444
21.424876,60.799149
28.2502,62.2951
22.9917,60.8685
26.95682,60.51632
27.8429,61.9013
22.68054,60.84299
26.332875829,62.340925038
23.1071,61.1133
26.6286338,60.8422097
26.542860229,62.281814878
26.6056,60.8461
26.629687028,62.312531956
23.13836586,63.22087916
22.391167,60.548565
22.6992,61.1783
22.8979041,62.8214883
26.499811916,62.314777877
22.10976512,60.46875915
23.159,63.8291
24.752718,60.209864
25.234995189,62.189158044
25.0854462,60.2788322
22.671854,60.630781
25.413212789,62.28541334
26.5918771,65.567789199
24.8677,61.1038
25.375304,62.425223
23.744843943,61.303606341
25.730591957,62.616310813
24.00160081,61.15621516
25.2082512,64.8298924
24.23368692,61.22715262
24.352376,61.045718
24.82209,60.61228
24.520733,61.013136
24.565601,60.151673
24.407029,61.007707
24.407501,61.010858
25.7623,63.9753
24.883558,63.622226
24.42338,63.211973
25.0537,60.2991
25.3317,60.2974
25.085666,60.278713
27.575729,60.923149
27.454984,60.740423
27.14476898,60.57639024
26.74613,60.489408
25.647207,60.514876
21.497902,61.112261
24.0176,61.5267
25.6524,64.5059
25.7059,60.983
25.641556,66.486943
24.4865,64.6838
24.9931,60.2591
22.68337,61.148135
25.9773,63.6869
22.925936,60.780888
25.9211,63.7163
21.694736,62.535524
30.8342,62.7068
27.1207,63.5138
29.847858,62.769133
24.032906,63.87261
24.14855,64.200368
24.149529,64.124438
23.92921156,64.26746047
23.659106,64.064705
24.060672,64.201243
24.0869,64.4015
24.9315,63.6049
24.5544,64.0607
25.7332,60.9809
26.43968115,67.42382878
23.827618,64.153803
26.78569,61.198
24.005685,64.128581
29.828954,61.896673
25.354364,64.145471
29.39333,61.755581
25.308809,64.078432
28.923601,61.873171
25.41425,64.236129
25.540595,64.06306
28.923681,61.865413
26.33,64.0986
27.888952363114335,60.66057713802911
27.6424,62.8398
27.48566658465739,60.681680596832805
25.314518,63.760551
22.8911,61.32896
24.07022,60.23809
24.774605,60.738285
23.06052,61.3809
22.793037,61.164189
23.525951,60.125212
22.69832,61.26353
23.508905,60.098434
22.7023567,61.2010987
23.599566,60.095878
26.601793,67.425339
23.588582,60.097902
24.972082,60.198435
24.879,60.2063
22.342931,61.256195
24.7001,60.2403
21.5968373,60.25738667
25.8642,64.2654
26.4409238,62.3775681
26.24342,60.462751
23.794395,61.359975
24.790714,62.888334
24.4491,60.1173
21.6861,63.1103
26.29356954,62.62035636
24.9222,60.2474
22.006248,61.363593
26.219494,60.460016
23.5114,59.9972
25.250895,62.705158
24.347868,60.416823
28.936582,61.862896
25.703802,61.79674
22.097358,60.562315
28.328515,63.061167
24.989557,60.388885
26.620474,67.415391
25.767295,61.837733
25.694232,61.506157
22.92751,62.815736
22.916357,62.797469
25.700154,61.494219
22.8655,62.773567
22.45104265,63.24439788
22.947461,62.771767
21.88616,63.10445
22.840816,62.789349
21.95015371288255,63.06373928426754
22.16749,60.45878
22.196717,60.454546
23.16647151,63.85793767
23.6239,61.4953
25.9605,64.1745
26.561724068047283,61.52069063364508
28.227126,61.669229
23.6839,61.5092
25.8759,62.2467
27.29164333,61.66103333
28.093922,61.421673
22.0065,60.6711
25.7121,62.243
21.55099,60.1612
22.6003,60.7177
26.360385069896065,61.49696194005004
23.13212043,63.83956685
25.712,62.1882
25.936352,61.108843
23.4489,59.9793
24.7456115,60.4777497
25.4112453,64.7965465
27.67102,60.997148
25.636103,64.764988
27.564316,60.908488
25.557847,64.992869
28.200241,61.05994
23.012089,62.964942
27.2881041,61.65877968
22.24716,60.41562
27.29025997,61.65923278
22.35031,60.44329
25.021802,63.315034
27.7492,64.221
27.8791,62.2711
25.491022,60.99462
25.131612,61.910447
22.0287016,61.3719353
22.9712,59.8369
28.0875,63.2019
25.632627,60.965349
27.7375,64.2227
25.554242,61.171236
24.650788,60.919317
27.3983,63.366
27.8873,62.5406
22.009008,61.363748
25.995326,60.928993
21.965566,61.385364
27.3912,63.3665
21.8427845,61.372708
22.3057,60.5349
23.950839,66.781134
24.811357,60.463567
25.7016,61.7954
23.8964,63.7047
25.9206253,62.0394661
22.139723,60.553478
22.8331,62.7925
27.029058699,65.3614339
25.4991,64.9133
25.996399,60.928973
26.6195,60.9403
22.3591,60.4076
24.147327,61.095458
25.480063,60.400999
28.37078551,65.59843452
24.244187,60.3105
24.7468,60.186
27.6564386,63.0924872
24.592375,60.249305
27.8716,70.0819
24.613194,60.92111
28.955691,61.857758
25.698588,61.795083
27.0238,69.9078
24.74286,60.727497
25.4780842,64.8344257
27.4109,68.4194
27.745051997545826,64.211149359051
23.396808336,61.234779018
24.6875,60.707859
25.28818,60.3779
27.952371992,62.274467658
25.26241,60.37865
23.00761042,63.48012698
26.0539,60.7451
25.8521,69.3986
25.379823,62.765368
25.08699,60.36074
27.8657,62.3153
25.25647,62.705741
27.1025,62.6233
25.310247,62.511639
27.0803,62.2872
27.176,62.3044
26.6101,63.6604
24.954393,60.297664
24.908624,63.560574
23.69775,60.22798
26.5866,67.4229
26.9181,67.1581
28.6392,62.424
22.2013,60.7695
23.56543819,61.08985356
23.0622,61.7561
27.51511953097068,67.11079274799754
21.354868,60.222243
23.564258,61.08039
26.4223,64.7616
24.81001,60.21888
28.3764,63.2761
23.4769,63.3665
23.0981,62.7182
28.2632,61.0719
22.17145304,60.46450851
24.851466,60.260637
27.999065,60.798798
29.488277307,61.590454995
27.0671,61.0917
27.8298,62.3332
23.223435,60.381513
22.44444043,63.43489
22.12347111,60.49199356
23.1292,60.3839
23.4656,62.8022
27.9569211,61.07918
25.494332,60.994569
25.7022,66.4964
24.7392,60.1629
25.901835,60.951079
26.52189549458387,61.943799582648765
26.233827331,62.532196684
26.195225117601368,60.45190993627904
28.1467,61.0906
25.941961,60.945775
25.30715390546744,60.4754453937467
28.1649,61.0301
26.882,61.4152
25.986121,60.935269
25.823403577,62.870921225
27.306949,66.71745
25.589339708,62.599856762
25.7609,63.9784
27.258547,63.541059
26.284442,64.35387
23.441568445,61.85264256
26.320496,64.273428
23.15832777,61.809958179
26.1077,61.743
26.74433422491427,60.48995558232776
21.736646,61.430631
22.22514018,60.54569929
25.1893,63.019735
22.247767,60.539932
29.366004,62.865059
25.48939,65.008646
26.88812,61.41991
25.56762464,63.36728582
23.662854457,61.716268368
25.3501,65.1756
25.142768,62.080429
24.5062,61.0071
25.2202214,61.8789514
22.19089,60.48569
28.939877,61.977999
24.1537,67.6049
26.68834,62.758717
26.6946,60.8524
27.114388,62.370467
24.64342,60.21175
23.619785,61.46757
26.9991,64.1826
26.478168861916494,61.50433275635101
21.5031,61.8598
26.45308,64.73762
28.893617,61.255248
25.5532,61.1719
25.021075,60.301921
24.798471,62.410003
25.10702,60.22085
21.996885,60.680516
25.0799273,60.495337
23.9578,64.2515
25.060593,60.317622
26.874772654177193,61.42215023479521
24.972096,62.94811
25.4075,65.0798
24.43877,60.27218
22.26270470793676,60.45085373861685
22.2223351,60.4746182
23.14411535,63.2926681
25.4676542,65.0056043
27.105184759,64.11279029
24.780264,64.277303
21.663434,61.590346
21.7116424,61.6017401
22.21533,60.37628
23.882476,60.139936
23.61223782,63.43613995
23.9903,61.2808
28.81805,61.27544
23.527526,62.803119
22.74378,62.492194
22.1449491,60.4804371
29.13909,63.544791
27.68768981207775,60.93719267608684
30.1165,62.1095
25.20816,62.26248
21.7452,61.4863
24.07515,60.24711
22.1152,60.5308
22.225814,60.4722881
25.3053,60.6473
26.99327,63.73548
27.535332,68.660056
22.444936,60.570622
23.05376,63.08076
25.63305,60.37552
25.395543,65.091182
22.7567,62.8654
24.1025,60.24201
21.8709,61.4271
25.1042,60.5274
25.932798,62.401823
23.760072,61.346155
24.7092094,60.1569497
22.2327,60.4574
25.4627106,64.9987896
24.2943,60.3404
27.528342,63.669536
26.35626,63.17103
21.6498,63.1088
22.260473,60.668654
25.4334643,65.0455629
23.452842,60.493239
26.74786,63.23613
24.527771,64.066401
24.472687,64.10624
25.85321667,63.084105
23.07176114,63.58916619
25.84467333,63.08737167
25.83706333,63.06507833
25.83072333,63.09647
25.86476,63.077125
25.82424667,63.099505
25.85244667,63.08028833
25.83931667,63.081875
25.8468143,63.09083507
27.358608,63.350894
25.651059,64.515426
25.1174,60.4926
23.8601,60.1395
25.84152,63.06257
25.83135194,63.06213161
25.85452667,63.06435833
25.84571485,63.06644504
27.894651102,64.404467423
22.2066952,60.4897531
27.02854834,69.89896235
28.878467,61.181429
29.012661,61.827229
